{
  "baseline_id": "baseline_1772552222_58625",
  "timestamp": 1772552222.7803009,
  "timestamp_iso": "2026-03-03T09:37:02.780301",
  "power_watts": {
    "core": 1.4768029999999999,
    "package-0": 3.17319425,
    "uncore": 0.02879325
  },
  "duration_seconds": 4,
  "sample_count": 2,
  "std_dev_watts": {
    "core": 0.051660514326707964,
    "package-0": 0.007401640232070081,
    "uncore": 0.040159068977318184
  },
  "cpu_temperature_c": 0,
  "method": "idle_measurement",
  "metadata": {
    "governor": "unknown",
    "turbo": "unknown",
    "background_cpu": 0,
    "processes": 0
  }
}