{
  "baseline_id": "baseline_1772573994_280440",
  "timestamp": 1772573994.045263,
  "timestamp_iso": "2026-03-03T15:39:54.045263",
  "power_watts": {
    "core": 1.1856211333333335,
    "package-0": 2.3091514,
    "uncore": 0.02807813333333333
  },
  "duration_seconds": 30,
  "sample_count": 3,
  "std_dev_watts": {
    "core": 0.0629884720183252,
    "package-0": 0.08914532141559653,
    "uncore": 0.001433278187698864
  },
  "cpu_temperature_c": 0,
  "method": "idle_measurement",
  "metadata": {
    "governor": "performance",
    "turbo": "enabled",
    "processes": 351,
    "background_cpu": 1.6
  }
}