{
  "baseline_id": "baseline_1772803679_10199",
  "timestamp": 1772803679.6146164,
  "timestamp_iso": "2026-03-06T07:27:59.614616",
  "power_watts": {
    "core": 0.5228482,
    "package-0": 2.6698702666666665,
    "uncore": 0.021071333333333334
  },
  "duration_seconds": 30,
  "sample_count": 3,
  "std_dev_watts": {
    "core": 0.00471881257521422,
    "package-0": 0.20535446347898875,
    "uncore": 0.0025137191118606178
  },
  "cpu_temperature_c": 0,
  "method": "idle_measurement",
  "metadata": {
    "governor": "powersave",
    "turbo": "enabled",
    "processes": 324,
    "background_cpu": 0.1
  }
}