{
  "baseline_id": "baseline_1772576078_302801",
  "timestamp": 1772576078.2804441,
  "timestamp_iso": "2026-03-03T16:14:38.280444",
  "power_watts": {
    "core": 12.191037333333334,
    "package-0": 14.3404032,
    "uncore": 0.19917143333333334
  },
  "duration_seconds": 30,
  "sample_count": 3,
  "std_dev_watts": {
    "core": 2.903421100085484,
    "package-0": 2.854340436497387,
    "uncore": 0.18756113278940106
  },
  "cpu_temperature_c": 0,
  "method": "idle_measurement",
  "metadata": {
    "governor": "performance",
    "turbo": "enabled",
    "processes": 355,
    "background_cpu": 0.1
  }
}