{
  "baseline_id": "baseline_1773015955_240103",
  "timestamp": 1773015955.84801,
  "timestamp_iso": "2026-03-08T19:25:55.848010",
  "power_watts": {
    "core": 1.1173698,
    "package-0": 2.7872039666666666,
    "uncore": 0.0718219
  },
  "duration_seconds": 30,
  "sample_count": 3,
  "std_dev_watts": {
    "core": 0.22910995309704468,
    "package-0": 0.358093808510289,
    "uncore": 0.09891726425194945
  },
  "cpu_temperature_c": 0,
  "method": "idle_measurement",
  "metadata": {
    "governor": "powersave",
    "turbo": "enabled",
    "processes": 369,
    "background_cpu": 2.8
  }
}