{
  "baseline_id": "baseline_1772665872_359413",
  "timestamp": 1772665872.6772292,
  "timestamp_iso": "2026-03-04T17:11:12.677229",
  "power_watts": {
    "core": 0.9782791,
    "package-0": 2.5685705,
    "uncore": 0.0022888
  },
  "duration_seconds": 30,
  "sample_count": 3,
  "std_dev_watts": {
    "core": 0.009862844309325769,
    "package-0": 0.02372389433018966,
    "uncore": 0.0017344455684742603
  },
  "cpu_temperature_c": 0,
  "method": "idle_measurement",
  "metadata": {
    "governor": "powersave",
    "turbo": "enabled",
    "processes": 327,
    "background_cpu": 1.3
  }
}