{
  "baseline_id": "baseline_1773002745_85091",
  "timestamp": 1773002745.8072395,
  "timestamp_iso": "2026-03-08T15:45:45.807240",
  "power_watts": {
    "core": 0.97119868,
    "package-0": 2.5325533399999998,
    "uncore": 0.00022948
  },
  "duration_seconds": 50,
  "sample_count": 5,
  "std_dev_watts": {
    "core": 0.005186295040970907,
    "package-0": 0.004904988093054019,
    "uncore": 3.9428251292696215e-05
  },
  "cpu_temperature_c": 0,
  "method": "idle_measurement",
  "metadata": {
    "governor": "powersave",
    "turbo": "enabled",
    "processes": 362,
    "background_cpu": 3.4
  }
}