{
  "baseline_id": "baseline_1772665022_349228",
  "timestamp": 1772665022.2763407,
  "timestamp_iso": "2026-03-04T16:57:02.276341",
  "power_watts": {
    "core": 1.3829839333333334,
    "package-0": 2.997135866666667,
    "uncore": 0.0017761333333333332
  },
  "duration_seconds": 30,
  "sample_count": 3,
  "std_dev_watts": {
    "core": 0.2950490301304909,
    "package-0": 0.2975894633017832,
    "uncore": 0.0004634895288281422
  },
  "cpu_temperature_c": 0,
  "method": "idle_measurement",
  "metadata": {
    "governor": "powersave",
    "turbo": "enabled",
    "processes": 366,
    "background_cpu": 1.3
  }
}