{
  "baseline_id": "baseline_1773006442_124532",
  "timestamp": 1773006442.5859368,
  "timestamp_iso": "2026-03-08T16:47:22.585937",
  "power_watts": {
    "core": 1.0498040333333334,
    "package-0": 2.6097711666666665,
    "uncore": 0.0025085333333333334
  },
  "duration_seconds": 30,
  "sample_count": 3,
  "std_dev_watts": {
    "core": 0.12116449497704898,
    "package-0": 0.12708310543956425,
    "uncore": 0.0012274131836237272
  },
  "cpu_temperature_c": 0,
  "method": "idle_measurement",
  "metadata": {
    "governor": "powersave",
    "turbo": "enabled",
    "processes": 364,
    "background_cpu": 2.4
  }
}