{
  "baseline_id": "baseline_1772557157_109913",
  "timestamp": 1772557157.2964988,
  "timestamp_iso": "2026-03-03T10:59:17.296499",
  "power_watts": {
    "core": 2.1775701,
    "package-0": 3.618124266666667,
    "uncore": 0.16549233333333332
  },
  "duration_seconds": 30,
  "sample_count": 3,
  "std_dev_watts": {
    "core": 0.7421316355033789,
    "package-0": 0.95867816469149,
    "uncore": 0.08125885984557828
  },
  "cpu_temperature_c": 0,
  "method": "idle_measurement",
  "metadata": {
    "governor": "performance",
    "turbo": "enabled",
    "processes": 350,
    "background_cpu": 0.1
  }
}