{
  "baseline_id": "baseline_1772555242_89411",
  "timestamp": 1772555242.0477097,
  "timestamp_iso": "2026-03-03T10:27:22.047710",
  "power_watts": {
    "core": 0.8544005,
    "package-0": 2.0208057999999998,
    "uncore": 0.0180216
  },
  "duration_seconds": 30,
  "sample_count": 3,
  "std_dev_watts": {
    "core": 0.4009952036335598,
    "package-0": 0.4720060365882517,
    "uncore": 0.0012493244294417686
  },
  "cpu_temperature_c": 0,
  "method": "idle_measurement",
  "metadata": {
    "governor": "powersave",
    "turbo": "enabled",
    "processes": 347,
    "background_cpu": 2.1
  }
}