{
  "baseline_id": "baseline_1772556121_98540",
  "timestamp": 1772556121.1284964,
  "timestamp_iso": "2026-03-03T10:42:01.128496",
  "power_watts": {
    "core": 0.6873538,
    "package-0": 1.8112889333333333,
    "uncore": 0.017604533333333332
  },
  "duration_seconds": 30,
  "sample_count": 3,
  "std_dev_watts": {
    "core": 0.1099011851193152,
    "package-0": 0.09455011500756279,
    "uncore": 0.0005376541763376661
  },
  "cpu_temperature_c": 0,
  "method": "idle_measurement",
  "metadata": {
    "governor": "powersave",
    "turbo": "enabled",
    "processes": 350,
    "background_cpu": 2.1
  }
}