{
  "baseline_id": "baseline_1773006644_126960",
  "timestamp": 1773006644.58088,
  "timestamp_iso": "2026-03-08T16:50:44.580880",
  "power_watts": {
    "core": 1.0728508333333333,
    "package-0": 2.6627821,
    "uncore": 0.002065033333333333
  },
  "duration_seconds": 30,
  "sample_count": 3,
  "std_dev_watts": {
    "core": 0.1386053969343306,
    "package-0": 0.13846435363482562,
    "uncore": 0.0012519589703074673
  },
  "cpu_temperature_c": 0,
  "method": "idle_measurement",
  "metadata": {
    "governor": "powersave",
    "turbo": "enabled",
    "processes": 364,
    "background_cpu": 1.8
  }
}