{
  "baseline_id": "baseline_1772805020_23635",
  "timestamp": 1772805020.3863506,
  "timestamp_iso": "2026-03-06T07:50:20.386351",
  "power_watts": {
    "core": 0.5344664133333333,
    "package-0": 3.260352166666667,
    "uncore": 0.029249193333333333
  },
  "duration_seconds": 150,
  "sample_count": 5,
  "std_dev_watts": {
    "core": 0.01975624365657879,
    "package-0": 0.5648266439669084,
    "uncore": 0.0029147124199100298
  },
  "cpu_temperature_c": 0,
  "method": "idle_measurement",
  "metadata": {
    "governor": "powersave",
    "turbo": "enabled",
    "processes": 309,
    "background_cpu": 2.5
  }
}