{
  "baseline_id": "baseline_1773012315_193877",
  "timestamp": 1773012315.538286,
  "timestamp_iso": "2026-03-08T18:25:15.538286",
  "power_watts": {
    "core": 1.0386285333333334,
    "package-0": 2.6197626,
    "uncore": 0.0019144666666666666
  },
  "duration_seconds": 30,
  "sample_count": 3,
  "std_dev_watts": {
    "core": 0.07172121241287925,
    "package-0": 0.06887825921936472,
    "uncore": 0.0006507750328134396
  },
  "cpu_temperature_c": 0,
  "method": "idle_measurement",
  "metadata": {
    "governor": "powersave",
    "turbo": "enabled",
    "processes": 368,
    "background_cpu": 1.9
  }
}