{
  "baseline_id": "baseline_1773002883_86703",
  "timestamp": 1773002883.5765219,
  "timestamp_iso": "2026-03-08T15:48:03.576522",
  "power_watts": {
    "core": 0.9994628,
    "package-0": 2.57274,
    "uncore": 0.010382059999999999
  },
  "duration_seconds": 50,
  "sample_count": 5,
  "std_dev_watts": {
    "core": 0.040865075208360975,
    "package-0": 0.052051962496960584,
    "uncore": 0.023129710253005763
  },
  "cpu_temperature_c": 0,
  "method": "idle_measurement",
  "metadata": {
    "governor": "powersave",
    "turbo": "enabled",
    "processes": 361,
    "background_cpu": 2.3
  }
}