{
  "baseline_id": "baseline_1772556971_107811",
  "timestamp": 1772556971.4526625,
  "timestamp_iso": "2026-03-03T10:56:11.452662",
  "power_watts": {
    "core": 0.7720988999999999,
    "package-0": 1.8500156,
    "uncore": 0.016815133333333333
  },
  "duration_seconds": 30,
  "sample_count": 3,
  "std_dev_watts": {
    "core": 0.029237734782982104,
    "package-0": 0.04641552078895595,
    "uncore": 0.0024248208394298605
  },
  "cpu_temperature_c": 0,
  "method": "idle_measurement",
  "metadata": {
    "governor": "powersave",
    "turbo": "enabled",
    "processes": 350,
    "background_cpu": 1.0
  }
}