{
  "baseline_id": "baseline_1773006172_121648",
  "timestamp": 1773006172.300545,
  "timestamp_iso": "2026-03-08T16:42:52.300545",
  "power_watts": {
    "core": 1.0409946333333333,
    "package-0": 2.714096233333333,
    "uncore": 0.0706053
  },
  "duration_seconds": 30,
  "sample_count": 3,
  "std_dev_watts": {
    "core": 0.028866958562053752,
    "package-0": 0.06050505530601017,
    "uncore": 0.01289681055959185
  },
  "cpu_temperature_c": 0,
  "method": "idle_measurement",
  "metadata": {
    "governor": "powersave",
    "turbo": "enabled",
    "processes": 364,
    "background_cpu": 1.6
  }
}