{
  "baseline_id": "baseline_1771716410",
  "timestamp": 1771716410.951998,
  "timestamp_iso": "2026-02-21T17:26:50.951998",
  "power_watts": {
    "core": 0.795927,
    "package-0": 1.93331425,
    "uncore": 0.021194249999999998
  },
  "duration_seconds": 15,
  "sample_count": 3,
  "std_dev_watts": {},
  "cpu_temperature_c": null,
  "method": "fresh_measurement",
  "metadata": {}
}