{
  "baseline_id": "baseline_1773004567_104229",
  "timestamp": 1773004567.444662,
  "timestamp_iso": "2026-03-08T16:16:07.444662",
  "power_watts": {
    "core": 0.96512204,
    "package-0": 2.5347872,
    "uncore": 0.00010619999999999999
  },
  "duration_seconds": 50,
  "sample_count": 5,
  "std_dev_watts": {
    "core": 0.017725227990155745,
    "package-0": 0.022654604242073974,
    "uncore": 0.00010959345327162567
  },
  "cpu_temperature_c": 0,
  "method": "idle_measurement",
  "metadata": {
    "governor": "powersave",
    "turbo": "enabled",
    "processes": 363,
    "background_cpu": 1.6
  }
}