{
  "baseline_id": "baseline_1773007466_135447",
  "timestamp": 1773007466.6900096,
  "timestamp_iso": "2026-03-08T17:04:26.690010",
  "power_watts": {
    "core": 1.1258475333333333,
    "package-0": 2.702698966666667,
    "uncore": 0.00034993333333333335
  },
  "duration_seconds": 30,
  "sample_count": 3,
  "std_dev_watts": {
    "core": 0.20572640484819468,
    "package-0": 0.2534770587824533,
    "uncore": 0.00035407006839513185
  },
  "cpu_temperature_c": 0,
  "method": "idle_measurement",
  "metadata": {
    "governor": "powersave",
    "turbo": "enabled",
    "processes": 366,
    "background_cpu": 1.3
  }
}