{
  "baseline_id": "baseline_1772562794_166753",
  "timestamp": 1772562794.2116506,
  "timestamp_iso": "2026-03-03T12:33:14.211651",
  "power_watts": {
    "core": 2.261991666666667,
    "package-0": 3.881441466666667,
    "uncore": 0.24511656666666665
  },
  "duration_seconds": 30,
  "sample_count": 3,
  "std_dev_watts": {
    "core": 0.4314544136540304,
    "package-0": 0.7780709618054273,
    "uncore": 0.17950294018063698
  },
  "cpu_temperature_c": 0,
  "method": "idle_measurement",
  "metadata": {
    "governor": "performance",
    "turbo": "enabled",
    "processes": 354,
    "background_cpu": 1.0
  }
}